Shareholder,Role,Security Type,Shares,Ownership %,Cash Invested (USD),Notes
Herix Hangandu,Founder & CEO,Common / Founder Stock,10000000,100.00,0,Sole founder; no outside investment as of cap table date
Total,,,,100.00,0,

Option Pool (unallocated),,Options Reserved,0,0.00,0,To be created at first institutional round
Total Fully Diluted,,,,100.00,0,

Cap Table Date,2026-07-06
Company,Gate Protocol (Gatefy)
Incorporation Status,Update with your legal entity when incorporated
Funding Raised to Date (USD),0
